Original_Marks,Normalized_Marks
85.0,0.8947368421052632
90.0,0.9473684210526315
78.0,0.8210526315789474
0.0,0.0
65.0,0.6842105263157895
88.0,0.9263157894736842
70.0,0.7368421052631579
95.0,1.0
